{"cameraMode":{"drawMode":0,"name":"Shaded","section":"Shading Mode"},"sceneLighting":false,"audioPlay":false,"sceneViewState":{"showFog":true,"showMaterialUpdate":false,"showSkybox":true,"showFlares":true,"showImageEffects":true,"showParticleSystems":true},"in2DMode":false,"pivot":{"x":-0.000019073486328125,"y":9.673480987548829,"z":8.632561683654786},"rotation":{"x":0.056478314101696017,"y":0.7257249355316162,"z":-0.060008540749549869,"w":0.6830318570137024},"size":33.31172561645508,"orthographic":false}